"I want to climb a mountain",Climbing
"I want to climb Mount Everest",Climbing
"I want to climb Kilamanjaro",Climbing
"I want to learn mountaineering", Climbing
"I want to learn how to climb", Climbing
"I want to learn how to climb a mountain", Climbing
"I want climb mountains", Climbing
"I want scale cliffs", Climbing
"I want to scale a mountain",Climbing
"I want to scale Mount Everest",Climbing
"I want to scale Kilamanjaro",Climbing
"I want to teach mountain climbing",Climbing
"I want to teach mountaineering",Climbing
"I want to teach my kids to climb",Climbing
"I want to teach my children to climb mountains",Climbing
"I want to teach my family to scale mountains",Climbing
"Help me teach mountain climbing",Climbing
"Help me climb a mountain",Climbing
"Help me climb Mount Everest",Climbing
"Help me climb Kilamanjaro",Climbing
"Help me learn mountaineering", Climbing
"Help me learn how to climb", Climbing
"I want to go cycling",Cycling
"I want to take my family cycling",Cycling
"I want to go for a bike ride",Cycling
"I want to go bicycling",Cycling
"I want to go biking",Cycling
"I want to learn how to ride a bike",Cycling
"I want to learn how to ride a bicycle",Cycling
"Help me learn how to ride a bike",Cycling
"Help me learn how to ride a bicycle",Cycling
"Help my kids learn how to ride a bike",Cycling
"Help my children learn how to ride a bicycle",Cycling
"Teach my kids how to ride a bike",Cycling
"Teach my children how to ride a bicycle",Cycling
"I want to go Mountain Biking", Cycling
"I want to take my family Mountain Biking", Cycling
"I want to take my kids mountain biking", Cycling
"Help me take my family mountain biking", Cycling
"Help me take my kids mountain biking", Cycling
"I want to go Gravel Riding", Cycling
"I want to take my family Gravel Riding", Cycling
"I want to go Road Cycling", Cycling
"I want to learn Road Cycling", Cycling
"I want to go on a Road Cycling trip", Cycling
"I want to get fit",Fitness
"Help me get fit",Fitness
"I want to lose weight",Fitness
"Help me lose weight",Fitness
"I want to exercise",Fitness
"Help me get my family more exercise",Fitness
"My family needs more exercise",Fitness
"My kids need more exercise",Fitness
"My children need more exercise",Fitness
"My husband needs more exercise",Fitness
"My husband and I need more exercise",Fitness
"My boyfriend needs more exercise",Fitness
"My boyfriend and I need more exercise",Fitness
"My wife needs more exercise",Fitness
"My wife and I need more exercise",Fitness
"My girlfriend needs more exercise",Fitness
"My girlfriend and I need more exercise",Fitness
"My parter needs more exercise",Fitness
"My partner and I need more exercise",Fitness
"My parter needs to lose weight",Fitness
"My partner and I need to lose weight",Fitness
"My parter needs more cardio",Fitness
"My partner and I need more cardio",Fitness
"I want to go on a multisport excursion", Fitness
"I want to do a biathalon", Fitness
"I want to do a triathalon", Fitness
"I want to do Iron Man", Fitness
"I want to bike and swim someplace", Fitness
"I want to bike and run somewhere beautiful", Fitness
"I want to run and swim someplace cool", Fitness
"I want to go hiking",Hiking
"I want to go hiking and camping",Hiking
"I want to hike somewhere",Hiking
"I want to go hike and camp someplace",Hiking
"I want to take my family hiking",Hiking
"I want to take my kids hiking and camping",Hiking
"I want to hike somewhere with my children",Hiking
"I want to take my family on a hike and camp someplace",Hiking
"I want to take my husband hiking",Hiking
"I want to take my wife hiking and camping",Hiking
"I want to hike somewhere with my spouse",Hiking
"I want to take my partner on a hike and camp someplace",Hiking
"Help me go hiking",Hiking
"Teach me about hiking and camping",Hiking
"Find me a place to hike",Hiking
"Find me new friends to go hiking and camping",Hiking
"I want to learn about hiking",Hiking
"I want to teach my kids about hiking and camping",Hiking
"I want to go backpacking", Hiking
"I want to take my family backpacking", Hiking
"I want to take my children backpacking", Hiking
"I want to learn about backpacking", Hiking
"I want to go camping", Hiking
"I want to take my family camping", Hiking
"I want to take my children camping", Hiking
"I want to learn about camping", Hiking
"I want to learn how to camp", Hiking
"I want to go trekking", Hiking
"I want to take my children trekking", Hiking
"I want to learn about trekking", Hiking
"I want to learn how to trekking", Hiking
"I want to learn how to navigate",Navigation
"I want to learn how not to get lost",Navigation
"I want to learn how to navigate the woods",Navigation
"I want to learn how not to get lost in the woods",Navigation
"I want to learn how to navigate the forest",Navigation
"I want to learn how not to get lost in the forest",Navigation
"I want to learn how to navigate a jungle",Navigation
"I want to learn how not to get lost in a jungle",Navigation
"I want to learn how to find my way in the wilderness",Navigation
"I want to learn how not to get lost in the wilderness",Navigation
"I want to learn how to find my way in the wild",Navigation
"I want to learn how not to get lost in the wild",Navigation
"Teach me how to navigate",Navigation
"Teach me how not to get lost",Navigation
"I want my kids to learn how to find their way",Navigation
"I want my children to learn how not to get lost",Navigation
"I want my family to learn how to find their way",Navigation
"I want my family to learn how not to get lost",Navigation
"I want to go canoeing",Paddling
"I want to take my family canoeing",Paddling
"I want to learn about canoeing",Paddling
"Teach me about canoes",Paddling
"I want to go rafting", Paddling
"I want to take my family rafting", Paddling
"I want to learn about rafting", Paddling
"Teach me about rafting", Paddling
"I want to go white water rafting", Paddling
"I want to take my family white water rafting", Paddling
"I want to learn about white water rafting", Paddling
"Teach me about white water rafting", Paddling
"I want to go river rafting", Paddling
"I want to take my family river rafting", Paddling
"I want to learn about river rafting", Paddling
"Teach me about river rafting", Paddling
"I want to go river kayaking", Paddling
"I want to take my family kayaking", Paddling
"I want to learn about kayaking", Paddling
"Teach me about kayaking", Paddling
"I want to take pictures",Photography
"I want to take pictures of beautiful places",Photography
"I want to show my family pictures of my travels",Photography
"I want to take my family to beautiful places",Photography
"I want to go on a cruise", Photography
"I want to take my family on a cruise", Photography
"I want to go on a safari", Photography
"I want to take my family on a safari", Photography
"I want my family to see amazing animals", Photography
"I want my family to see exotic places", Photography
"I want my family to see the world", Photography
"I want to go skiing",Snowsports
"I want to take my family skiing",Snowsports
"I want to take my spouse skiing",Snowsports
"I want to go snowboarding",Snowsports
"I want to take my family snowboarding",Snowsports
"I want to take my spouse snowboarding",Snowsports
"I want to go sledding",Snowsports
"I want to go snowshoeing", Snowsports
"I want to take my family snowshoeing", Snowsports
"I want to use my snowshoes", Snowsports
"I want to help the world",Stewardship
"I want to help nature",Stewardship
"I want to help the earth",Stewardship
"I want to save the world",Stewardship
"I want to save nature",Stewardship
"I want to save the earth",Stewardship
"I want to be a good camper",Stewardship
"I want to be a responsible camper",Stewardship
"I want to be a responsible outdoorsman",Stewardship
"I want to teach my kids how to save the world",Stewardship
"I want to teach my kids how to help the planet",Stewardship
"I want to teach my kids how to help nature",Stewardship
"I want to teach my kids how to help the earth",Stewardship
"I want to teach my kids how to be good campers",Stewardship
"I want to teach my kid how to be a responsible camper",Stewardship
"I want to teach my kids how to be responsible outdoors",Stewardship
"Teach my children how to help the world",Stewardship
"Teach my children how to help nature",Stewardship
"Teach my children how to help the earth",Stewardship
"I want my children to learn to be good campers",Stewardship
"I want my children to learn to be a responsible campers",Stewardship
"I want my children to learn to be responsible outdoors",Stewardship
"Teach me how dress a wound",Medicine
"I want to learn how to dress a wound",Medicine
"Teach me how survive in the wilderness",Medicine
"Teach me about surviving wilderness",Medicine
"Teach my family about surviving wilderness",Medicine
"Teach my family how cure sickness in the wilderness",Medicine
"Teach me what to do if I get sick in the wilderness",Medicine
"Teach me what to do if I get hurt while backpacking",Medicine
"Learn what to do if I get sick while backpacking",Medicine
"Learn what to do if someone gets hurt while camping",Medicine
"I want to learn what to do if someone gets hurt while camping",Medicine
"I want to learn what to do if someone gets hurt while trekking",Medicine
"I want to learn what to do if someone gets hurt in the wilde",Medicine